D&C 1,https://mediasrv.churchofjesuschrist.org/media-services/GA/size/6140617293001/1280/720
D&C 2,https://mediasrv.churchofjesuschrist.org/media-services/GA/size/6140954974001/1280/720
D&C 3,https://mediasrv.churchofjesuschrist.org/media-services/GA/size/6140964863001/1280/720
D&C 4,https://mediasrv.churchofjesuschrist.org/media-services/GA/size/6140953604001/1280/720
D&C 5,https://mediasrv.churchofjesuschrist.org/media-services/GA/size/6140978251001/1280/720
D&C 6,https://mediasrv.churchofjesuschrist.org/media-services/GA/size/6140987114001/1280/720
D&C 7,https://mediasrv.churchofjesuschrist.org/media-services/GA/size/6141016400001/1280/720
D&C 8,https://mediasrv.churchofjesuschrist.org/media-services/GA/size/6141026967001/1280/720
D&C 9,https://mediasrv.churchofjesuschrist.org/media-services/GA/size/6141048101001/1280/720
D&C 10,https://mediasrv.churchofjesuschrist.org/media-services/GA/size/6141139977001/1280/720
D&C 11,https://mediasrv.churchofjesuschrist.org/media-services/GA/size/6141152333001/1280/720
D&C 12,https://mediasrv.churchofjesuschrist.org/media-services/GA/size/6141163437001/1280/720
D&C 13,https://mediasrv.churchofjesuschrist.org/media-services/GA/size/6141164890001/1280/720
D&C 14,https://mediasrv.churchofjesuschrist.org/media-services/GA/size/6141172002001/1280/720
D&C 15,https://mediasrv.churchofjesuschrist.org/media-services/GA/size/6141171083001/1280/720
D&C 16,https://mediasrv.churchofjesuschrist.org/media-services/GA/size/6141176953001/1280/720
D&C 17,https://mediasrv.churchofjesuschrist.org/media-services/GA/size/6141176955001/1280/720
D&C 18,https://mediasrv.churchofjesuschrist.org/media-services/GA/size/6141172970001/1280/720
D&C 19,https://mediasrv.churchofjesuschrist.org/media-services/GA/size/6141172074001/1280/720
D&C 20,https://mediasrv.churchofjesuschrist.org/media-services/GA/size/6141174854001/1280/720
D&C 21,https://mediasrv.churchofjesuschrist.org/media-services/GA/size/6142022622001/1280/720
D&C 22,https://mediasrv.churchofjesuschrist.org/media-services/GA/size/6142018648001/1280/720
D&C 23,https://mediasrv.churchofjesuschrist.org/media-services/GA/size/6142021331001/1280/720
D&C 24,https://mediasrv.churchofjesuschrist.org/media-services/GA/size/6142053096001/1280/720
D&C 25,https://mediasrv.churchofjesuschrist.org/media-services/GA/size/6142054629001/1280/720
D&C 26,https://mediasrv.churchofjesuschrist.org/media-services/GA/size/6142054631001/1280/720
D&C 27,https://mediasrv.churchofjesuschrist.org/media-services/GA/size/6142054634001/1280/720
D&C 28,https://mediasrv.churchofjesuschrist.org/media-services/GA/size/6142066173001/1280/720
D&C 29,https://mediasrv.churchofjesuschrist.org/media-services/GA/size/6142066373001/1280/720
D&C 30,https://mediasrv.churchofjesuschrist.org/media-services/GA/size/6142064063001/1280/720
D&C 31,https://mediasrv.churchofjesuschrist.org/media-services/GA/size/6142066382001/1280/720
D&C 32,https://mediasrv.churchofjesuschrist.org/media-services/GA/size/6142066385001/1280/720
D&C 33,https://mediasrv.churchofjesuschrist.org/media-services/GA/size/6142063985001/1280/720
D&C 34,https://mediasrv.churchofjesuschrist.org/media-services/GA/size/6142066331001/1280/720
D&C 35,https://mediasrv.churchofjesuschrist.org/media-services/GA/size/6142066211001/1280/720
D&C 36,https://mediasrv.churchofjesuschrist.org/media-services/GA/size/6142064089001/1280/720
D&C 37,https://mediasrv.churchofjesuschrist.org/media-services/GA/size/6142063364001/1280/720
D&C 38,https://mediasrv.churchofjesuschrist.org/media-services/GA/size/6142070182001/1280/720
D&C 39,https://mediasrv.churchofjesuschrist.org/media-services/GA/size/6142070999001/1280/720
D&C 40,https://mediasrv.churchofjesuschrist.org/media-services/GA/size/6142069617001/1280/720
D&C 41,https://mediasrv.churchofjesuschrist.org/media-services/GA/size/6142071156001/1280/720
D&C 42,https://mediasrv.churchofjesuschrist.org/media-services/GA/size/6142070343001/1280/720
D&C 43,https://mediasrv.churchofjesuschrist.org/media-services/GA/size/6142077385001/1280/720
D&C 44,https://mediasrv.churchofjesuschrist.org/media-services/GA/size/6142077207001/1280/720
D&C 45,https://mediasrv.churchofjesuschrist.org/media-services/GA/size/6142077398001/1280/720
D&C 46,https://mediasrv.churchofjesuschrist.org/media-services/GA/size/6142077400001/1280/720
D&C 47,https://mediasrv.churchofjesuschrist.org/media-services/GA/size/6142077401001/1280/720
D&C 48,https://mediasrv.churchofjesuschrist.org/media-services/GA/size/6142076070001/1280/720
D&C 49,https://mediasrv.churchofjesuschrist.org/media-services/GA/size/6142077216001/1280/720
D&C 50,https://mediasrv.churchofjesuschrist.org/media-services/GA/size/6142077218001/1280/720
D&C 51,https://mediasrv.churchofjesuschrist.org/media-services/GA/size/6142082306001/1280/720
D&C 52,https://mediasrv.churchofjesuschrist.org/media-services/GA/size/6142080816001/1280/720
D&C 53,https://mediasrv.churchofjesuschrist.org/media-services/GA/size/6142081480001/1280/720
D&C 54,https://mediasrv.churchofjesuschrist.org/media-services/GA/size/6142082508001/1280/720
D&C 55,https://mediasrv.churchofjesuschrist.org/media-services/GA/size/6142080860001/1280/720
D&C 56,https://mediasrv.churchofjesuschrist.org/media-services/GA/size/6142083452001/1280/720
D&C 57,https://mediasrv.churchofjesuschrist.org/media-services/GA/size/6142082266001/1280/720
D&C 58,https://mediasrv.churchofjesuschrist.org/media-services/GA/size/6142087453001/1280/720
D&C 59,https://mediasrv.churchofjesuschrist.org/media-services/GA/size/6142083987001/1280/720
D&C 60,https://mediasrv.churchofjesuschrist.org/media-services/GA/size/6121155816001/1280/720
D&C 61,https://mediasrv.churchofjesuschrist.org/media-services/GA/size/6121133797001/1280/720
D&C 62,https://mediasrv.churchofjesuschrist.org/media-services/GA/size/6121154920001/1280/720
D&C 63,https://mediasrv.churchofjesuschrist.org/media-services/GA/size/6121144367001/1280/720
D&C 64,https://mediasrv.churchofjesuschrist.org/media-services/GA/size/6121156178001/1280/720
D&C 65,https://mediasrv.churchofjesuschrist.org/media-services/GA/size/6121158474001/1280/720
D&C 66,https://mediasrv.churchofjesuschrist.org/media-services/GA/size/6121473208001/1280/720
D&C 67,https://mediasrv.churchofjesuschrist.org/media-services/GA/size/6121474986001/1280/720
D&C 68,https://mediasrv.churchofjesuschrist.org/media-services/GA/size/6121172541001/1280/720
D&C 69,https://mediasrv.churchofjesuschrist.org/media-services/GA/size/6121479099001/1280/720
D&C 70,https://mediasrv.churchofjesuschrist.org/media-services/GA/size/6121181206001/1280/720
D&C 71,https://mediasrv.churchofjesuschrist.org/media-services/GA/size/6121473932001/1280/720
D&C 72,https://mediasrv.churchofjesuschrist.org/media-services/GA/size/6121485825001/1280/720
D&C 73,https://mediasrv.churchofjesuschrist.org/media-services/GA/size/6121480771001/1280/720
D&C 74,https://mediasrv.churchofjesuschrist.org/media-services/GA/size/6121487903001/1280/720
D&C 75,https://mediasrv.churchofjesuschrist.org/media-services/GA/size/6121487946001/1280/720
D&C 76,https://mediasrv.churchofjesuschrist.org/media-services/GA/size/6121490029001/1280/720
D&C 77,https://mediasrv.churchofjesuschrist.org/media-services/GA/size/6121490530001/1280/720
D&C 78,https://mediasrv.churchofjesuschrist.org/media-services/GA/size/6121488049001/1280/720
D&C 79,https://mediasrv.churchofjesuschrist.org/media-services/GA/size/6121479031001/1280/720
D&C 80,https://mediasrv.churchofjesuschrist.org/media-services/GA/size/6121493265001/1280/720
D&C 81,https://mediasrv.churchofjesuschrist.org/media-services/GA/size/6121485536001/1280/720
D&C 82,https://mediasrv.churchofjesuschrist.org/media-services/GA/size/6121483005001/1280/720
D&C 83,https://mediasrv.churchofjesuschrist.org/media-services/GA/size/6121479592001/1280/720
D&C 84,https://mediasrv.churchofjesuschrist.org/media-services/GA/size/6126042775001/1280/720
D&C 85,https://mediasrv.churchofjesuschrist.org/media-services/GA/size/6126043457001/1280/720
D&C 86,https://mediasrv.churchofjesuschrist.org/media-services/GA/size/6126049861001/1280/720
D&C 87,https://mediasrv.churchofjesuschrist.org/media-services/GA/size/6126049130001/1280/720
D&C 88,https://mediasrv.churchofjesuschrist.org/media-services/GA/size/6126268456001/1280/720
D&C 89,https://mediasrv.churchofjesuschrist.org/media-services/GA/size/6130600000001/1280/720
D&C 90,https://mediasrv.churchofjesuschrist.org/media-services/GA/size/6130534629001/1280/720
D&C 91,https://mediasrv.churchofjesuschrist.org/media-services/GA/size/6130603700001/1280/720
D&C 92,https://mediasrv.churchofjesuschrist.org/media-services/GA/size/6131282679001/1280/720
D&C 93,https://mediasrv.churchofjesuschrist.org/media-services/GA/size/6131282706001/1280/720
D&C 94,https://mediasrv.churchofjesuschrist.org/media-services/GA/size/6130522453001/1280/720
D&C 95,https://mediasrv.churchofjesuschrist.org/media-services/GA/size/6131287389001/1280/720
D&C 96,https://mediasrv.churchofjesuschrist.org/media-services/GA/size/6131293306001/1280/720
D&C 97,https://mediasrv.churchofjesuschrist.org/media-services/GA/size/6131299695001/1280/720
D&C 98,https://mediasrv.churchofjesuschrist.org/media-services/GA/size/6131304590001/1280/720
D&C 99,https://mediasrv.churchofjesuschrist.org/media-services/GA/size/6131302682001/1280/720
D&C 100,https://mediasrv.churchofjesuschrist.org/media-services/GA/size/6131302390001/1280/720
D&C 101,https://mediasrv.churchofjesuschrist.org/media-services/GA/size/6131957892001/1280/720
D&C 102,https://mediasrv.churchofjesuschrist.org/media-services/GA/size/6131931907001/1280/720
D&C 103,https://mediasrv.churchofjesuschrist.org/media-services/GA/size/6131935849001/1280/720
D&C 104,https://mediasrv.churchofjesuschrist.org/media-services/GA/size/6131960581001/1280/720
D&C 105,https://mediasrv.churchofjesuschrist.org/media-services/GA/size/6140573062001/1280/720
D&C 106,https://mediasrv.churchofjesuschrist.org/media-services/GA/size/6140581960001/1280/720
D&C 107,https://mediasrv.churchofjesuschrist.org/media-services/GA/size/6140584619001/1280/720
D&C 108,https://mediasrv.churchofjesuschrist.org/media-services/GA/size/6140597574001/1280/720
D&C 109,https://mediasrv.churchofjesuschrist.org/media-services/GA/size/6140603739001/1280/720
D&C 110,https://mediasrv.churchofjesuschrist.org/media-services/GA/size/6140609074001/1280/720
D&C 111,https://mediasrv.churchofjesuschrist.org/media-services/GA/size/6140609480001/1280/720
D&C 112,https://mediasrv.churchofjesuschrist.org/media-services/GA/size/6140628085001/1280/720
D&C 113,https://mediasrv.churchofjesuschrist.org/media-services/GA/size/6140629728001/1280/720
D&C 114,https://mediasrv.churchofjesuschrist.org/media-services/GA/size/6140633230001/1280/720
D&C 115,https://mediasrv.churchofjesuschrist.org/media-services/GA/size/6142137882001/1280/720
D&C 116,https://mediasrv.churchofjesuschrist.org/media-services/GA/size/6142318881001/1280/720
D&C 117,https://mediasrv.churchofjesuschrist.org/media-services/GA/size/6142394755001/1280/720
D&C 118,https://mediasrv.churchofjesuschrist.org/media-services/GA/size/6142399452001/1280/720
D&C 119,https://mediasrv.churchofjesuschrist.org/media-services/GA/size/6142402876001/1280/720
D&C 120,https://mediasrv.churchofjesuschrist.org/media-services/GA/size/6142402071001/1280/720
D&C 121,https://mediasrv.churchofjesuschrist.org/media-services/GA/size/6142406013001/1280/720
D&C 122,https://mediasrv.churchofjesuschrist.org/media-services/GA/size/6142413472001/1280/720
D&C 123,https://mediasrv.churchofjesuschrist.org/media-services/GA/size/6142417526001/1280/720
D&C 124,https://mediasrv.churchofjesuschrist.org/media-services/GA/size/6142930888001/1280/720
D&C 125,https://mediasrv.churchofjesuschrist.org/media-services/GA/size/6142935985001/1280/720
D&C 126,https://mediasrv.churchofjesuschrist.org/media-services/GA/size/6142941798001/1280/720
D&C 127,https://mediasrv.churchofjesuschrist.org/media-services/GA/size/6142945768001/1280/720
D&C 128,https://mediasrv.churchofjesuschrist.org/media-services/GA/size/6142943091001/1280/720
D&C 129,https://mediasrv.churchofjesuschrist.org/media-services/GA/size/6142945530001/1280/720
D&C 130,https://mediasrv.churchofjesuschrist.org/media-services/GA/size/6142950597001/1280/720
D&C 131,https://mediasrv.churchofjesuschrist.org/media-services/GA/size/6142952126001/1280/720
D&C 132,https://mediasrv.churchofjesuschrist.org/media-services/GA/size/6142953277001/1280/720
D&C 133,https://mediasrv.churchofjesuschrist.org/media-services/GA/size/6142953103001/1280/720
D&C 134,https://mediasrv.churchofjesuschrist.org/media-services/GA/size/6143546604001/1280/720
D&C 135,https://mediasrv.churchofjesuschrist.org/media-services/GA/size/6143547204001/1280/720
D&C 136,https://mediasrv.churchofjesuschrist.org/media-services/GA/size/6143546425001/1280/720
D&C 137,https://mediasrv.churchofjesuschrist.org/media-services/GA/size/6143549470001/1280/720
D&C 138,https://mediasrv.churchofjesuschrist.org/media-services/GA/size/6143549487001/1280/720
